total_selected_sites,train_sites,test_sites,split_prop,mean_abs_diff_mean,mean_abs_diff_std,median_abs_diff_mean,median_abs_diff_std,mean_rel_diff_mean,mean_rel_diff_std,median_rel_diff_mean,median_rel_diff_std,pct_rel_diff_gt_0.1_mean,pct_rel_diff_gt_0.1_std,pct_rel_diff_gt_0.2_mean,pct_rel_diff_gt_0.2_std,mean_train_dist_mean,mean_test_dist_mean
500,50,450,0.1,11.010658013128477,0.6525436021204273,11.3912695593658,0.6620738162922046,0.6729120728755797,0.03453040298450492,0.6726371203775934,0.03228438342338913,0.9997889447236181,0.00012512461907528987,0.999748743718593,0.0001666645623294357,5.343803400191645,16.35436435950857
500,100,400,0.2,7.96973058515312,0.6580285799669229,8.190191600031723,0.6988170232333593,0.5150967636192466,0.03477008718939965,0.5134517541089321,0.03458727228428695,0.9996180904522614,8.408643482754933e-05,0.9993567839195979,0.000205354942127641,7.511355836932429,15.480348982020388
500,150,350,0.3,5.07339559718698,0.29906261003568574,5.227322175603061,0.3504983193254988,0.35052665163403873,0.01765345623397084,0.35029875518708875,0.017921888583190774,0.9981407035175879,0.00044946089999995547,0.991467336683417,0.0029334426413615586,9.367204917656995,14.439065978920514
500,200,300,0.4,2.5568192538258963,0.4265142327881466,2.6119047350409055,0.45051667539247603,0.19045568408448185,0.027650322847310723,0.19000322342258522,0.03020773327654955,0.9387336683417086,0.03005769558721248,0.4219698492462311,0.225901806033155,10.828296057186519,13.376538592029243
500,250,250,0.5,0.6353455022752821,0.031490790993106296,0.5487839429640387,0.021933690441835664,0.05496028175743001,0.0026810193618672057,0.044106631947963285,0.0018929777721640084,0.12858291457286433,0.023770713961752565,0.014301507537688444,0.003402013761568013,12.14502210935712,12.19449352541713
500,300,200,0.6,2.7035727170437434,0.29517610192308136,2.728333114799142,0.3228406343898674,0.20211824135637646,0.021611686057086344,0.1987163828747061,0.020777985171520342,0.9632160804020101,0.029925266544141873,0.4945427135678392,0.15359750282448384,13.443153721261638,10.746302271731217
500,350,150,0.7,4.746402942377427,0.207883440325406,4.8838317977014425,0.21214370090611284,0.33072895141400277,0.013618308127190448,0.3322334648054902,0.012859434224581483,0.998110552763819,0.0010178825803352006,0.9852261306532663,0.012028276156091101,14.309400224189627,9.564715199101368
500,400,100,0.8,7.541481290463513,0.3726886240811942,7.799269642454649,0.37882104916068826,0.49117273487530905,0.02144929802264947,0.4911861339130824,0.01920054932016816,0.9992663316582915,0.0002477137194746993,0.9983115577889448,0.0009465394715956451,15.340620270192261,7.799735992363262
500,450,50,0.9,10.6968704633334,0.25838560294321167,11.035340026202821,0.3019437682711306,0.65758354543022,0.013365964688044732,0.6557670766887298,0.01346041146099585,0.9997889447236181,8.257123982492085e-05,0.9997386934673367,9.666022141543172e-05,16.27945633729402,5.582706476975696
